,feat,mean,std
0,Grade,1.974231088944306,0.6527818137049224
