,feat,mean,std
0,NPI,3.2906500415627598,0.7213670326054772
